datasets/multiple_features_reduced.csv,1.75220538e+06,1.75220538e+06,15.1200,15.1200
