datasets/multiple_features_reduced.csv,1.77980414e+06,1.77980414e+06,10.0200,10.0200
