datasets/multiple_features_reduced.csv,1.77515868e+06,1.77515868e+06,24.2800,24.2800
