datasets/multiple_features_reduced.csv,1.76818900e+06,1.76818900e+06,18.2400,18.2400
