datasets/multiple_features_reduced.csv,1.75202773e+06,1.75202773e+06,10.6500,10.6500
